"treatment","reg_est","own_est","ate_est","ew_est","cw_est","bias_est","reg_se","own_se","bias_se","scenario"
"Yes",2.58158616849212,2.58158616849209,2.58825895557101,2.58158616849208,2.58159076487964,2.79776202205539e-14,0.0846421715175056,0.0846421715175059,1.9001016630792e-15,"S1"
"Yes",2.7111656302182,2.71116563021817,2.71152586997144,2.71116563021819,2.71116564070587,2.8421709430404e-14,0.0867729489968556,0.0867729489968552,9.70457513500745e-16,"S2"
"Yes",2.58466950232033,2.5846695023203,2.58719478124939,2.58466950232031,2.58466528081284,3.19744231092045e-14,0.0852551391966424,0.0852551391966421,1.65539771966965e-15,"S3"
"Yes",2.38778561152939,2.38778561152936,2.38085171123878,2.38778561152935,2.38778560746123,3.28626015289046e-14,0.0777153713486824,0.0777153713486818,2.13000939888449e-15,"S4"
